feature	metadata	value	coef	stderr	N	N.not.0	pval	qval
coprococcus_catus	abx_avg	abx_avg	-0.0126985735540022	0.00252497341960775	923	593	8.42712995657548e-07	0.00052585290929031
hungatella_hathewayi	abx_avg	abx_avg	0.00323214453315804	0.00088040168204578	923	158	0.000290228362730324	0.0905512491718611
ruminococcus_torques	abx_avg	abx_avg	-0.0215440597983449	0.00639771416030876	923	712	0.000857625786442291	0.133789622684997
clostridium_lavalense	abx_avg	abx_avg	0.00311404608008166	0.000913634074076355	923	235	0.000741151672484819	0.133789622684997
lactobacillus_rogosae	abx_avg	abx_avg	-0.00465559805240096	0.00142024823526781	923	233	0.00116882139861395	0.14586891054702
ruthenibacterium_lactatiformans	epa_avg	epa_avg	0.0192476715228516	0.00646228839018342	923	780	0.00314605002690914	0.245391902098913
clostridium_innocuum	abx_avg	abx_avg	0.00390241890186566	0.00129355953909581	923	212	0.0027821808261553	0.245391902098913
firmicutes_bacterium_cag_110	abx_avg	abx_avg	-0.0186146698449292	0.00621503100182494	923	407	0.00297101400471024	0.245391902098913
