feature	metadata	value	coef	stderr	N	N.not.0	pval	qval
coprococcus_catus	abx_avg	abx_avg	-0.0127078454935916	0.00252381423915785	923	593	8.18965212399075e-07	0.000511034292537023
hungatella_hathewayi	abx_avg	abx_avg	0.00323472696690151	0.00087960974149855	923	158	0.000283584738101481	0.0657939906295749
ruthenibacterium_lactatiformans	dpa_avg	dpa_avg	0.218378833588467	0.0598980072044068	923	780	0.000316317262642187	0.0657939906295749
clostridium_lavalense	abx_avg	abx_avg	0.00312928238303619	0.000914635378212726	923	235	0.000708080098310315	0.110460495336409
ruminococcus_torques	abx_avg	abx_avg	-0.0213447420958597	0.00641539448168193	923	712	0.000986688894869367	0.118146113585604
lactobacillus_rogosae	abx_avg	abx_avg	-0.00466761576444971	0.00142030518028206	923	233	0.0011360203229385	0.118146113585604
clostridium_innocuum	abx_avg	abx_avg	0.0039089514994697	0.00129302879430301	923	212	0.00272689026152465	0.228409037024853
firmicutes_bacterium_cag_110	abx_avg	abx_avg	-0.01864209221185	0.0062147471708789	923	407	0.00292832098749812	0.228409037024853
