feature	metadata	value	coef	stderr	N	N.not.0	pval	qval
clostridium_sp_cag_253	a_f205_fs_dr	a_f205_fs_dr	0.00557791203951314	0.00210321453523004	925	112	0.00819989949114975	0.182740617231337
eubacterium_sp_cag_251	a_f205_fs_dr	a_f205_fs_dr	-0.0135792477430518	0.00476279808442187	925	167	0.00446901891441534	0.182740617231337
butyrivibrio_crossotus	a_f205_fs_dr	a_f205_fs_dr	-0.0256762794697032	0.00868607997889528	925	122	0.00320158374203917	0.182740617231337
oscillibacter_sp_cag_241	a_f205_fs_dr	a_f205_fs_dr	0.0127099987241846	0.00464034280808101	925	511	0.0062966197119981	0.182740617231337
odoribacter_splanchnicus	a_f205_fs_dr	a_f205_fs_dr	-0.0129701595321309	0.00402635412190979	925	721	0.00132711432043083	0.182740617231337
enterorhabdus_caecimuris	a_f205_fs_dr	a_f205_fs_dr	0.0019323801539834	0.000719757054428637	925	374	0.00745667783128719	0.182740617231337
firmicutes_bacterium_cag_94	a_f205_fs_dr	a_f205_fs_dr	0.0058152758524126	0.00208484191821807	925	242	0.00540835004365876	0.182740617231337
firmicutes_bacterium_cag_110	a_f205_fs_dr	a_f205_fs_dr	0.0140738915664253	0.00550527142930004	925	408	0.0107469804188584	0.209566118167739
