feature	metadata	value	coef	stderr	N	N.not.0	pval	qval
coprococcus_catus	abx_avg	abx_avg	-0.0126820698993953	0.00251629976924026	923	593	0.000000799845308130621	0.000499103472273507
hungatella_hathewayi	abx_avg	abx_avg	0.00332228072170787	0.000880680324709805	923	158	0.000198049404608236	0.0411942761585131
paraprevotella_clara	epa10v	epa10v	0.0344792196973549	0.00893626640672477	923	125	0.000140014334556067	0.0411942761585131
clostridium_lavalense	abx_avg	abx_avg	0.00317851670667782	0.000911964349584917	923	235	0.000563460933256683	0.0878999055880425
ruminococcus_torques	abx_avg	abx_avg	-0.0214106771347298	0.00635950212438157	923	712	0.000859616484379849	0.100128403075667
lactobacillus_rogosae	abx_avg	abx_avg	-0.00471616039849575	0.0014144483876984	923	233	0.000962773106496794	0.100128403075667
parabacteroides_johnsonii	epa10v	epa10v	0.0768156215307867	0.0238542038038569	923	157	0.00141991353377242	0.126575149296284
clostridium_innocuum	abx_avg	abx_avg	0.00399964168154705	0.00129212109174925	923	212	0.00215774558729631	0.168304155809113
firmicutes_bacterium_cag_110	abx_avg	abx_avg	-0.0186018220524761	0.00619227655044257	923	407	0.00288754916761572	0.20020340895469
