feature	metadata	value	coef	stderr	N	N.not.0	pval	qval
coprococcus_catus	abx_avg	abx_avg	-0.0126247892160247	0.00251872687341604	923	593	9.13520967794486e-07	0.000570037083903759
hungatella_hathewayi	abx_avg	abx_avg	0.00343119796600069	0.00088095399496599	923	158	0.000123415201971914	0.0385055430152372
lactobacillus_rogosae	abx_avg	abx_avg	-0.00480654685341564	0.00141804419427139	923	233	0.00079396763819785	0.124013391671353
clostridium_lavalense	abx_avg	abx_avg	0.00306774842636047	0.000905356647897209	923	235	0.000794957638918927	0.124013391671353
ruminococcus_torques	abx_avg	abx_avg	-0.0209784931654891	0.00642072210774241	923	712	0.00121127219271109	0.151166769650344
clostridium_innocuum	abx_avg	abx_avg	0.00404320848181964	0.00129333495740223	923	212	0.00195105437775974	0.202909655287013
firmicutes_bacterium_cag_110	abx_avg	abx_avg	-0.0187495603081769	0.00619739956231493	923	407	0.00269697341924432	0.240415916229779
