feature	metadata	value	coef	stderr	N	N.not.0	pval	qval
bifidobacterium_bifidum	a_ala_fs_dr	a_ala_fs_dr	-0.00503062002303613	0.00119427840581596	925	116	2.81744878527365e-05	0.0043952201050269
firmicutes_bacterium_cag_95	a_ala_fs_dr	a_ala_fs_dr	0.00259368669579032	0.000743894086529488	925	235	0.000515113517987246	0.0401788544030052
roseburia_hominis	a_ala_fs_dr	a_ala_fs_dr	0.00525584276619285	0.00168332053410168	925	802	0.00190608652276535	0.0991164991837982
clostridium_sp_cag_167	a_ala_fs_dr	a_ala_fs_dr	0.0037892640320604	0.00135768552983715	925	298	0.00542623701072456	0.139820464710401
bacteroides_caccae	a_ala_fs_dr	a_ala_fs_dr	0.00637837776242093	0.00232733178448118	925	575	0.00627399521136415	0.139820464710401
bacteroides_salyersiae	a_ala_fs_dr	a_ala_fs_dr	0.00357740159376408	0.00122613938382211	925	235	0.00361552248880763	0.139820464710401
ruminococcaceae_bacterium_d5	a_ala_fs_dr	a_ala_fs_dr	-0.00138212554148754	0.000496943293600488	925	230	0.00556146480628234	0.139820464710401
