feature	metadata	value	coef	stderr	N	N.not.0	pval	qval
eubacterium_sp_cag_251	a_f226_fs_dr	a_f226_fs_dr	-0.0161298167997708	0.00501857602146337	925	167	0.00135537814887213	0.105719495612026
odoribacter_splanchnicus	a_f226_fs_dr	a_f226_fs_dr	-0.0138751839777106	0.0042364365346795	925	721	0.00109604332306141	0.105719495612026
ruminococcus_bicirculans	a_f226_fs_dr	a_f226_fs_dr	0.0330091376546425	0.0111131399538776	925	558	0.00305938435081679	0.159087986242473
