feature	metadata	value	coef	stderr	N	N.not.0	pval	qval
coprococcus_catus	abx_avg	abx_avg	-0.0126924743550008	0.00252543414274044	923	593	8.56161957158993e-07	0.000534245061267211
hungatella_hathewayi	abx_avg	abx_avg	0.00323013244281503	0.000880756122656738	923	158	0.000294288718721633	0.0918180802411495
ruminococcus_torques	abx_avg	abx_avg	-0.0216735064868753	0.00638878551344	923	712	0.000785787118080844	0.122582790420612
clostridium_lavalense	abx_avg	abx_avg	0.0031045102157856	0.000913321169578279	923	235	0.000765742809651135	0.122582790420612
lactobacillus_rogosae	abx_avg	abx_avg	-0.00463325881995819	0.00141900723938466	923	233	0.00122127510766327	0.152415133436376
ruminococcus_torques	omega3_noala_avg	omega3_noala_avg	-0.0210043116242448	0.00698738398020541	923	712	0.00287087744734634	0.207317923838791
ruthenibacterium_lactatiformans	omega3_noala_avg	omega3_noala_avg	0.00928962567888886	0.00301634741551554	923	780	0.002274287200076	0.207317923838791
clostridium_innocuum	abx_avg	abx_avg	0.00389411616875478	0.00129386154949156	923	212	0.00284599718353185	0.207317923838791
firmicutes_bacterium_cag_110	abx_avg	abx_avg	-0.0186042352950744	0.0062157460632674	923	407	0.00299016236305949	0.207317923838791
