feature	metadata	value	coef	stderr	N	N.not.0	pval	qval
coprococcus_catus	abx_avg	abx_avg	-0.0126941783362062	0.00252513100189062	923	593	8.50964415535322e-07	0.000531001795294041
hungatella_hathewayi	abx_avg	abx_avg	0.00322494121410513	0.000880690694577531	923	158	0.000300529032367381	0.093765058098623
ruminococcus_torques	abx_avg	abx_avg	-0.0215975806062584	0.00638513671856901	923	712	0.000813762672712805	0.126215440667201
lactobacillus_rogosae	abx_avg	abx_avg	-0.00463197447799796	0.00141781061448117	923	233	0.00121361000641539	0.126215440667201
clostridium_lavalense	abx_avg	abx_avg	0.00310562466110048	0.000912658504459204	923	235	0.000755839234001108	0.126215440667201
ruthenibacterium_lactatiformans	dha_avg	dha_avg	0.0198316600840844	0.0059939780110672	923	780	0.00105732302968678	0.126215440667201
ruminococcus_torques	dha_avg	dha_avg	-0.0422782637800424	0.0138932508025596	923	712	0.00254876323731397	0.208021756184012
clostridium_innocuum	abx_avg	abx_avg	0.00387979256745111	0.00129308561485451	923	212	0.00293147009822917	0.208021756184012
firmicutes_bacterium_cag_110	abx_avg	abx_avg	-0.0185921283439488	0.00621391292822902	923	407	0.00300031379111555	0.208021756184012
