feature	metadata	value	coef	stderr	N	N.not.0	pval	qval
coprococcus_catus	abx_avg	abx_avg	-0.0125011998586804	0.00252548074066987	923	593	1.23288098227631e-06	0.00076931773294042
hungatella_hathewayi	abx_avg	abx_avg	0.00338989046246354	0.000883457227733197	923	158	0.000154723637669224	0.048273774952798
ruminococcus_torques	abx_avg	abx_avg	-0.0205851286960968	0.00639950181534684	923	712	0.00143887178709232	0.178936645921507
lactobacillus_rogosae	abx_avg	abx_avg	-0.00470486618674799	0.00141806732016672	923	233	0.00101974534984817	0.178936645921507
clostridium_lavalense	abx_avg	abx_avg	0.00291564728824432	0.000897704073876262	923	235	0.00129196007522574	0.178936645921507
clostridium_innocuum	abx_avg	abx_avg	0.00410251789363706	0.00129645868244498	923	212	0.00172054467232218	0.178936645921507
