feature	metadata	value	coef	stderr	N	N.not.0	pval	qval
coprococcus_catus	abx_avg	abx_avg	-0.0125014740163067	0.00253036066925724	923	593	1.28844088720775e-06	0.000803987113617634
hungatella_hathewayi	abx_avg	abx_avg	0.00333385715126765	0.000884635335879955	923	158	0.000201046354164294	0.0627264624992597
ruminococcus_torques	abx_avg	abx_avg	-0.0211166645867856	0.00640524491646651	923	712	0.00109552108286007	0.188828941057739
lactobacillus_rogosae	abx_avg	abx_avg	-0.00464458377480582	0.00142284377965359	923	233	0.00122488437602454	0.188828941057739
clostridium_lavalense	abx_avg	abx_avg	0.00287704189246466	0.000898780052584099	923	235	0.00151305241232163	0.188828941057739
clostridium_innocuum	abx_avg	abx_avg	0.00406858246842217	0.00129934447336152	923	212	0.00191913300163958	0.199589832170516
