feature	metadata	value	coef	stderr	N	N.not.0	pval	qval
coprococcus_catus	abx_avg	abx_avg	-0.0126440583026076	0.00251965735772016	923	593	8.87877564935716e-07	0.000554035600519887
hungatella_hathewayi	abx_avg	abx_avg	0.00338957178514755	0.000882794825159308	923	158	0.000152997025885387	0.0477350720762406
ruminococcus_torques	abx_avg	abx_avg	-0.021644218234886	0.00637998860860227	923	712	0.000785052241394243	0.117382517457118
ruminococcus_lactaris	ala10v	ala10v	0.0282859429367566	0.00859247177960187	923	489	0.00111240832321729	0.117382517457118
lactobacillus_rogosae	abx_avg	abx_avg	-0.00464318282643701	0.00141206369511907	923	233	0.00112867805247229	0.117382517457118
clostridium_lavalense	abx_avg	abx_avg	0.0030527392466002	0.000904865390229767	923	235	0.000837025751831515	0.117382517457118
clostridium_innocuum	abx_avg	abx_avg	0.00395242187830996	0.00129198513433449	923	212	0.00242715427076681	0.195277243071436
firmicutes_bacterium_cag_110	abx_avg	abx_avg	-0.0188839267649774	0.00619447510175605	923	407	0.00250355439835174	0.195277243071436
