feature	metadata	value	coef	stderr	N	N.not.0	pval	qval
coprococcus_catus	abx_avg	abx_avg	-0.0125789662359495	0.00251864881561612	923	593	0.000000995330090312868	0.00062108597635523
hungatella_hathewayi	abx_avg	abx_avg	0.00332641711015019	0.000882330909235778	923	158	0.000199846618073247	0.062352144838853
clostridium_lavalense	abx_avg	abx_avg	0.00317998882439235	0.000912819308627859	923	235	0.000566787695308423	0.117891840624152
ruminococcus_torques	abx_avg	abx_avg	-0.0216219692183585	0.00637603360928021	923	712	0.000789024021538751	0.123087747360045
lactobacillus_rogosae	abx_avg	abx_avg	-0.00463206140245901	0.00141179909309527	923	233	0.00115664817480239	0.138324516624159
paraprevotella_clara	dha10v	dha10v	0.0209906707895028	0.00647828425317529	923	125	0.00133004342907845	0.138324516624159
clostridium_innocuum	abx_avg	abx_avg	0.00399177575884658	0.00129356724449107	923	212	0.00222580410235721	0.198414537124414
firmicutes_bacterium_cag_94	dha10v	dha10v	0.0267637785794382	0.00904580104098124	923	242	0.00333028480355285	0.230899746379664
firmicutes_bacterium_cag_110	abx_avg	abx_avg	-0.0183970684217592	0.00619295740823925	923	407	0.00321046587435235	0.230899746379664
