feature	metadata	value	coef	stderr	N	N.not.0	pval	qval
coprococcus_catus	abx_avg	abx_avg	-0.0127469546630236	0.0025245901213721	923	593	7.65439647115024e-07	0.000477634339799775
paraprevotella_clara	omega3_avg	omega3_avg	0.00309485890624402	0.000718073705226324	923	125	2.21766807677607e-05	0.00691912439954134
hungatella_hathewayi	abx_avg	abx_avg	0.00319340040659828	0.000879970254978359	923	158	0.000339532955273272	0.0706228546968407
roseburia_hominis	omega3_avg	omega3_avg	0.00745029027220854	0.00223921121951215	923	800	0.000986540973819094	0.102600261277186
ruminococcus_torques	abx_avg	abx_avg	-0.0216515329020225	0.00643210782163613	923	712	0.000861408633053715	0.102600261277186
clostridium_lavalense	abx_avg	abx_avg	0.00309974461478423	0.000913592734625969	923	235	0.000782809301963106	0.102600261277186
lactobacillus_rogosae	abx_avg	abx_avg	-0.00464206033560819	0.00142043579259994	923	233	0.00120931577168245	0.107801863075692
firmicutes_bacterium_cag_110	abx_avg	abx_avg	-0.0188735707445728	0.00620610859020855	923	407	0.00256397487717827	0.199990040419905
clostridium_innocuum	abx_avg	abx_avg	0.00381940421448738	0.00128899012734932	923	212	0.00329912825167954	0.228739558783115
