feature	metadata	value	coef	stderr	N	N.not.0	pval	qval
coprococcus_catus	abx_avg	abx_avg	-0.0125015705392614	0.0025310940481578	923	593	1.29640939726596e-06	0.000808959463893958
hungatella_hathewayi	abx_avg	abx_avg	0.00335126829745113	0.000885823900927465	923	158	0.000190120227445189	0.0593175109628991
paraprevotella_clara	omega310v	omega310v	0.00431635171495759	0.00121896591322916	923	125	0.000462230791496594	0.0961440046312915
ruminococcus_torques	abx_avg	abx_avg	-0.0216576510638194	0.00634598738389294	923	712	0.000731268820497751	0.114077935997649
lactobacillus_rogosae	abx_avg	abx_avg	-0.00457003841557682	0.0014173726822451	923	233	0.00140309409023389	0.17510614246119
ruminococcus_torques	omega310v	omega310v	-0.0150810122877477	0.00488830258900727	923	712	0.00222334499344839	0.178956919805442
clostridium_lavalense	abx_avg	abx_avg	0.0028079552348245	0.000895074224603924	923	235	0.00187179365470972	0.178956919805442
clostridium_innocuum	abx_avg	abx_avg	0.00399378809010719	0.0012981390587767	923	212	0.00229431948468515	0.178956919805442
firmicutes_bacterium_cag_110	abx_avg	abx_avg	-0.0186416949171221	0.00623009237531693	923	407	0.00299921884788295	0.207945840119885
