feature	metadata	value	coef	stderr	N	N.not.0	pval	qval
eubacterium_sp_cag_251	a_omega3_noala_fs_dr	a_omega3_noala_fs_dr	-0.00814389092711136	0.00247338452427711	925	167	0.00103306294422032	0.0805789096491851
odoribacter_splanchnicus	a_omega3_noala_fs_dr	a_omega3_noala_fs_dr	-0.00718506926250945	0.00208924325022133	925	721	0.000611563974204549	0.0805789096491851
