feature	metadata	value	coef	stderr	N	N.not.0	pval	qval
coprococcus_catus	abx_avg	abx_avg	-0.0126503917907563	0.00251079069693833	923	593	8.04851701136719e-07	0.000376670596131984
hungatella_hathewayi	abx_avg	abx_avg	0.00336504153363964	0.000879022621483976	923	158	0.000160002027662874	0.0374404744731124
clostridium_lavalense	abx_avg	abx_avg	0.00318371492220843	0.000909761667359199	923	235	0.000535318425458585	0.0835096743715392
lactobacillus_rogosae	abx_avg	abx_avg	-0.00477949365731818	0.0014135663652052	923	233	0.000817499171503596	0.0956474030659207
ruminococcus_torques	abx_avg	abx_avg	-0.0208761856708689	0.00640087734969694	923	712	0.00123531608732484	0.115625585773605
clostridium_innocuum	abx_avg	abx_avg	0.00403243313227751	0.00128870622371492	923	212	0.00193257714954192	0.150741017664269
firmicutes_bacterium_cag_110	abx_avg	abx_avg	-0.0186575474435255	0.00617857078425974	923	407	0.00274578116426119	0.183575083553462
